
insert into TABLE_ATTRIBUTE (ID, VERSION, LAST_UPDATED, UNIQUE_ID, NAME, MERCHANT_ID) VALUES
(100, 1, TIMESTAMP '2012-01-01 18:00:00', 'table-attribute-100', 'Booth', 100);
insert into TABLE_ATTRIBUTE (ID, VERSION, LAST_UPDATED, UNIQUE_ID, NAME, MERCHANT_ID) VALUES
(101, 1, TIMESTAMP '2012-01-01 18:00:00', 'table-attribute-101', 'Chef''s Table', 100);
insert into TABLE_ATTRIBUTE (ID, VERSION, LAST_UPDATED, UNIQUE_ID, NAME, MERCHANT_ID) VALUES
(102, 1, TIMESTAMP '2012-01-01 18:00:00', 'table-attribute-102', 'Outside', 100);
insert into TABLE_ATTRIBUTE (ID, VERSION, LAST_UPDATED, UNIQUE_ID, NAME, MERCHANT_ID) VALUES
(103, 1, TIMESTAMP '2012-01-01 18:00:00', 'table-attribute-103', 'Private', 100);
insert into TABLE_ATTRIBUTE (ID, VERSION, LAST_UPDATED, UNIQUE_ID, NAME, MERCHANT_ID) VALUES
(104, 1, TIMESTAMP '2012-01-01 18:00:00', 'table-attribute-104', 'Window', 100);
insert into TABLE_ATTRIBUTE (ID, VERSION, LAST_UPDATED, UNIQUE_ID, NAME, MERCHANT_ID) VALUES
(105, 1, TIMESTAMP '2012-01-01 18:00:00', 'table-attribute-105', 'Stage', 100);
insert into TABLE_ATTRIBUTE (ID, VERSION, LAST_UPDATED, UNIQUE_ID, NAME, MERCHANT_ID) VALUES
(106, 1, TIMESTAMP '2012-01-01 18:00:00', 'table-attribute-106', 'Fireplace', 100);

-- Data for Floor Plan Configuration Settings
insert into FLOOR_PLAN (ID, VERSION, LAST_UPDATED, UNIQUE_ID, NAME, SITE_ID) VALUES
(100, 1, TIMESTAMP '2012-01-01 18:00:00', 'floor-plan-100', 'Frontier Vineyards Floor Plan', 100);

insert into WAIT_STATION_DEF (ID, VERSION, LAST_UPDATED, UNIQUE_ID, NAME, FLOOR_PLAN_ID) VALUES
(100, 1, TIMESTAMP '2012-01-01 18:00:00', 'wait-station-def-100', '6 Server Template', 100);

insert into SECTION (ID, VERSION, LAST_UPDATED, UNIQUE_ID, NAME, BORDER_COLOR, WAIT_STA_DEF_ID) VALUES
(100, 1, TIMESTAMP '2012-01-01 18:00:00', 'section-100', 'Section 1', '#FF0000', 100);
insert into SECTION (ID, VERSION, LAST_UPDATED, UNIQUE_ID, NAME, BORDER_COLOR, WAIT_STA_DEF_ID) VALUES
(101, 1, TIMESTAMP '2012-01-01 18:00:00', 'section-101', 'Section 2', '#00FF00', 100);
insert into SECTION (ID, VERSION, LAST_UPDATED, UNIQUE_ID, NAME, BORDER_COLOR, WAIT_STA_DEF_ID) VALUES
(102, 1, TIMESTAMP '2012-01-01 18:00:00', 'section-102', 'Section 3', '#0000FF', 100);
insert into SECTION (ID, VERSION, LAST_UPDATED, UNIQUE_ID, NAME, BORDER_COLOR, WAIT_STA_DEF_ID) VALUES
(103, 1, TIMESTAMP '2012-01-01 18:00:00', 'section-103', 'Section 4', '#FFFF00', 100);
insert into SECTION (ID, VERSION, LAST_UPDATED, UNIQUE_ID, NAME, BORDER_COLOR, WAIT_STA_DEF_ID) VALUES
(104, 1, TIMESTAMP '2012-01-01 18:00:00', 'section-104', 'Section 5', '#00FFFF', 100);
insert into SECTION (ID, VERSION, LAST_UPDATED, UNIQUE_ID, NAME, BORDER_COLOR, WAIT_STA_DEF_ID) VALUES
(105, 1, TIMESTAMP '2012-01-01 18:00:00', 'section-105', 'Section 6', '#FF00FF', 100);

insert into DINING_TABLE (ID, VERSION, LAST_UPDATED, UNIQUE_ID, NAME, SHAPE, CAPACITY, FLOOR_PLAN_ID, TABLE_ATTRIBUTE_ID) VALUES
(100, 1, TIMESTAMP '2012-01-01 18:00:00', 'dining-table-100', '10', 'RECTANGLE', 4, 100, NULL);
insert into FLOOR_PLAN_ITEM (ID, VERSION, LAST_UPDATED, UNIQUE_ID, NAME, ITEM_TYPE, X_COORDINATE, Y_COORDINATE,
       WIDTH, HEIGHT, ROTATION, DINING_TABLE_ID, FLOOR_PLAN_ID) VALUES
(100, 1, TIMESTAMP '2012-01-01 18:00:00', 'floor-plan-item-100', '10', 'TABLE', 63, 40, 110, 85, 0, 100, 100);

insert into DINING_TABLE (ID, VERSION, LAST_UPDATED, UNIQUE_ID, NAME, SHAPE, CAPACITY, FLOOR_PLAN_ID, TABLE_ATTRIBUTE_ID) VALUES
(101, 1, TIMESTAMP '2012-01-01 18:00:00', 'dining-table-101', '11', 'RECTANGLE', 4, 100, NULL);
insert into FLOOR_PLAN_ITEM (ID, VERSION, LAST_UPDATED, UNIQUE_ID, NAME, ITEM_TYPE, X_COORDINATE, Y_COORDINATE,
       WIDTH, HEIGHT, ROTATION, DINING_TABLE_ID, FLOOR_PLAN_ID) VALUES
(101, 1, TIMESTAMP '2012-01-01 18:00:00', 'floor-plan-item-101', '11', 'TABLE', 299, 40, 110, 85, 0, 101, 100);

insert into DINING_TABLE (ID, VERSION, LAST_UPDATED, UNIQUE_ID, NAME, SHAPE, CAPACITY, FLOOR_PLAN_ID, TABLE_ATTRIBUTE_ID) VALUES
(102, 1, TIMESTAMP '2012-01-01 18:00:00', 'dining-table-102', '30', 'ROUND', 8, 100, NULL);
insert into FLOOR_PLAN_ITEM (ID, VERSION, LAST_UPDATED, UNIQUE_ID, NAME, ITEM_TYPE, X_COORDINATE, Y_COORDINATE,
       WIDTH, HEIGHT, ROTATION, DINING_TABLE_ID, FLOOR_PLAN_ID) VALUES
(102, 1, TIMESTAMP '2012-01-01 18:00:00', 'floor-plan-item-102', '30', 'TABLE', 173, 205, 194, 316, 0, 102, 100);

insert into DINING_TABLE (ID, VERSION, LAST_UPDATED, UNIQUE_ID, NAME, SHAPE, CAPACITY, FLOOR_PLAN_ID, TABLE_ATTRIBUTE_ID) VALUES
(103, 1, TIMESTAMP '2012-01-01 18:00:00', 'dining-table-103', '31', 'ROUND', 8, 100, NULL);
insert into FLOOR_PLAN_ITEM (ID, VERSION, LAST_UPDATED, UNIQUE_ID, NAME, ITEM_TYPE, X_COORDINATE, Y_COORDINATE,
       WIDTH, HEIGHT, ROTATION, DINING_TABLE_ID, FLOOR_PLAN_ID) VALUES
(103, 1, TIMESTAMP '2012-01-01 18:00:00', 'floor-plan-item-103', '31', 'TABLE', 319, 398, 194, 316, 0, 103, 100);

insert into DINING_TABLE (ID, VERSION, LAST_UPDATED, UNIQUE_ID, NAME, SHAPE, CAPACITY, FLOOR_PLAN_ID, TABLE_ATTRIBUTE_ID) VALUES
(104, 1, TIMESTAMP '2012-01-01 18:00:00', 'dining-table-104', '13', 'RECTANGLE', 4, 100, 104);
insert into FLOOR_PLAN_ITEM (ID, VERSION, LAST_UPDATED, UNIQUE_ID, NAME, ITEM_TYPE, X_COORDINATE, Y_COORDINATE,
       WIDTH, HEIGHT, ROTATION, DINING_TABLE_ID, FLOOR_PLAN_ID) VALUES
(104, 1, TIMESTAMP '2012-01-01 18:00:00', 'floor-plan-item-104', '13', 'TABLE', 766, 40, 110, 85, 0, 104, 100);

insert into DINING_TABLE (ID, VERSION, LAST_UPDATED, UNIQUE_ID, NAME, SHAPE, CAPACITY, FLOOR_PLAN_ID, TABLE_ATTRIBUTE_ID) VALUES
(105, 1, TIMESTAMP '2012-01-01 18:00:00', 'dining-table-105', '12', 'RECTANGLE', 4, 100, NULL);
insert into FLOOR_PLAN_ITEM (ID, VERSION, LAST_UPDATED, UNIQUE_ID, NAME, ITEM_TYPE, X_COORDINATE, Y_COORDINATE,
       WIDTH, HEIGHT, ROTATION, DINING_TABLE_ID, FLOOR_PLAN_ID) VALUES
(105, 1, TIMESTAMP '2012-01-01 18:00:00', 'floor-plan-item-105', '12', 'TABLE', 530, 40, 110, 85, 0, 105, 100);

insert into DINING_TABLE (ID, VERSION, LAST_UPDATED, UNIQUE_ID, NAME, SHAPE, CAPACITY, FLOOR_PLAN_ID, TABLE_ATTRIBUTE_ID) VALUES
(106, 1, TIMESTAMP '2012-01-01 18:00:00', 'dining-table-106', '32', 'ROUND', 8, 100, NULL);
insert into FLOOR_PLAN_ITEM (ID, VERSION, LAST_UPDATED, UNIQUE_ID, NAME, ITEM_TYPE, X_COORDINATE, Y_COORDINATE,
       WIDTH, HEIGHT, ROTATION, DINING_TABLE_ID, FLOOR_PLAN_ID) VALUES
(106, 1, TIMESTAMP '2012-01-01 18:00:00', 'floor-plan-item-106', '32', 'TABLE', 173, 596, 194, 316, 0, 106, 100);

insert into DINING_TABLE (ID, VERSION, LAST_UPDATED, UNIQUE_ID, NAME, SHAPE, CAPACITY, FLOOR_PLAN_ID, TABLE_ATTRIBUTE_ID) VALUES
(107, 1, TIMESTAMP '2012-01-01 18:00:00', 'dining-table-107', '50', 'RECTANGLE', 12, 100, NULL);
insert into FLOOR_PLAN_ITEM (ID, VERSION, LAST_UPDATED, UNIQUE_ID, NAME, ITEM_TYPE, X_COORDINATE, Y_COORDINATE,
       WIDTH, HEIGHT, ROTATION, DINING_TABLE_ID, FLOOR_PLAN_ID) VALUES
(107, 1, TIMESTAMP '2012-01-01 18:00:00', 'floor-plan-item-107', '50', 'TABLE', 813, 537, 135, 285, 0, 107, 100);

insert into DINING_TABLE (ID, VERSION, LAST_UPDATED, UNIQUE_ID, NAME, SHAPE, CAPACITY, FLOOR_PLAN_ID, TABLE_ATTRIBUTE_ID) VALUES
(108, 1, TIMESTAMP '2012-01-01 18:00:00', 'dining-table-108', '20', 'ROUND', 4, 100, NULL);
insert into FLOOR_PLAN_ITEM (ID, VERSION, LAST_UPDATED, UNIQUE_ID, NAME, ITEM_TYPE, X_COORDINATE, Y_COORDINATE,
       WIDTH, HEIGHT, ROTATION, DINING_TABLE_ID, FLOOR_PLAN_ID) VALUES
(108, 1, TIMESTAMP '2012-01-01 18:00:00', 'floor-plan-item-108', '20', 'TABLE', 174, 128, 129, 96, 0, 108, 100);

insert into DINING_TABLE (ID, VERSION, LAST_UPDATED, UNIQUE_ID, NAME, SHAPE, CAPACITY, FLOOR_PLAN_ID, TABLE_ATTRIBUTE_ID) VALUES
(109, 1, TIMESTAMP '2012-01-01 18:00:00', 'dining-table-109', '21', 'ROUND', 4, 100, NULL);
insert into FLOOR_PLAN_ITEM (ID, VERSION, LAST_UPDATED, UNIQUE_ID, NAME, ITEM_TYPE, X_COORDINATE, Y_COORDINATE,
       WIDTH, HEIGHT, ROTATION, DINING_TABLE_ID, FLOOR_PLAN_ID) VALUES
(109, 1, TIMESTAMP '2012-01-01 18:00:00', 'floor-plan-item-109', '21', 'TABLE', 403, 128, 129, 96, 0, 109, 100);

insert into DINING_TABLE (ID, VERSION, LAST_UPDATED, UNIQUE_ID, NAME, SHAPE, CAPACITY, FLOOR_PLAN_ID, TABLE_ATTRIBUTE_ID) VALUES
(110, 1, TIMESTAMP '2012-01-01 18:00:00', 'dining-table-110', '22', 'ROUND', 4, 100, NULL);
insert into FLOOR_PLAN_ITEM (ID, VERSION, LAST_UPDATED, UNIQUE_ID, NAME, ITEM_TYPE, X_COORDINATE, Y_COORDINATE,
       WIDTH, HEIGHT, ROTATION, DINING_TABLE_ID, FLOOR_PLAN_ID) VALUES
(110, 1, TIMESTAMP '2012-01-01 18:00:00', 'floor-plan-item-110', '22', 'TABLE', 640, 128, 129, 96, 0, 110, 100);

insert into DINING_TABLE (ID, VERSION, LAST_UPDATED, UNIQUE_ID, NAME, SHAPE, CAPACITY, FLOOR_PLAN_ID, TABLE_ATTRIBUTE_ID) VALUES
(111, 1, TIMESTAMP '2012-01-01 18:00:00', 'dining-table-111', '23', 'ROUND', 4, 100, NULL);
insert into FLOOR_PLAN_ITEM (ID, VERSION, LAST_UPDATED, UNIQUE_ID, NAME, ITEM_TYPE, X_COORDINATE, Y_COORDINATE,
       WIDTH, HEIGHT, ROTATION, DINING_TABLE_ID, FLOOR_PLAN_ID) VALUES
(111, 1, TIMESTAMP '2012-01-01 18:00:00', 'floor-plan-item-111', '23', 'TABLE', 837, 136, 129, 96, 0, 111, 100);

insert into DINING_TABLE (ID, VERSION, LAST_UPDATED, UNIQUE_ID, NAME, SHAPE, CAPACITY, FLOOR_PLAN_ID, TABLE_ATTRIBUTE_ID) VALUES
(112, 1, TIMESTAMP '2012-01-01 18:00:00', 'dining-table-112', '24', 'ROUND', 4, 100, NULL);
insert into FLOOR_PLAN_ITEM (ID, VERSION, LAST_UPDATED, UNIQUE_ID, NAME, ITEM_TYPE, X_COORDINATE, Y_COORDINATE,
       WIDTH, HEIGHT, ROTATION, DINING_TABLE_ID, FLOOR_PLAN_ID) VALUES
(112, 1, TIMESTAMP '2012-01-01 18:00:00', 'floor-plan-item-112', '24', 'TABLE', 837, 245, 129, 96, 0, 112, 100);

insert into DINING_TABLE (ID, VERSION, LAST_UPDATED, UNIQUE_ID, NAME, SHAPE, CAPACITY, FLOOR_PLAN_ID, TABLE_ATTRIBUTE_ID) VALUES
(113, 1, TIMESTAMP '2012-01-01 18:00:00', 'dining-table-113', '40', 'SQUARE', 4, 100, NULL);
insert into FLOOR_PLAN_ITEM (ID, VERSION, LAST_UPDATED, UNIQUE_ID, NAME, ITEM_TYPE, X_COORDINATE, Y_COORDINATE,
       WIDTH, HEIGHT, ROTATION, DINING_TABLE_ID, FLOOR_PLAN_ID) VALUES
(113, 1, TIMESTAMP '2012-01-01 18:00:00', 'floor-plan-item-113', '40', 'TABLE', 424, 305, 95, 79, 0, 113, 100);

insert into DINING_TABLE (ID, VERSION, LAST_UPDATED, UNIQUE_ID, NAME, SHAPE, CAPACITY, FLOOR_PLAN_ID, TABLE_ATTRIBUTE_ID) VALUES
(114, 1, TIMESTAMP '2012-01-01 18:00:00', 'dining-table-114', '41', 'SQUARE', 4, 100, NULL);
insert into FLOOR_PLAN_ITEM (ID, VERSION, LAST_UPDATED, UNIQUE_ID, NAME, ITEM_TYPE, X_COORDINATE, Y_COORDINATE,
       WIDTH, HEIGHT, ROTATION, DINING_TABLE_ID, FLOOR_PLAN_ID) VALUES
(114, 1, TIMESTAMP '2012-01-01 18:00:00', 'floor-plan-item-114', '41', 'TABLE', 553, 235, 95, 79, 0, 114, 100);

insert into DINING_TABLE (ID, VERSION, LAST_UPDATED, UNIQUE_ID, NAME, SHAPE, CAPACITY, FLOOR_PLAN_ID, TABLE_ATTRIBUTE_ID) VALUES
(115, 1, TIMESTAMP '2012-01-01 18:00:00', 'dining-table-115', '42', 'SQUARE', 4, 100, NULL);
insert into FLOOR_PLAN_ITEM (ID, VERSION, LAST_UPDATED, UNIQUE_ID, NAME, ITEM_TYPE, X_COORDINATE, Y_COORDINATE,
       WIDTH, HEIGHT, ROTATION, DINING_TABLE_ID, FLOOR_PLAN_ID) VALUES
(115, 1, TIMESTAMP '2012-01-01 18:00:00', 'floor-plan-item-115', '42', 'TABLE', 705, 305, 95, 79, 0, 115, 100);

insert into DINING_TABLE (ID, VERSION, LAST_UPDATED, UNIQUE_ID, NAME, SHAPE, CAPACITY, FLOOR_PLAN_ID, TABLE_ATTRIBUTE_ID) VALUES
(116, 1, TIMESTAMP '2012-01-01 18:00:00', 'dining-table-116', '43', 'SQUARE', 4, 100, NULL);
insert into FLOOR_PLAN_ITEM (ID, VERSION, LAST_UPDATED, UNIQUE_ID, NAME, ITEM_TYPE, X_COORDINATE, Y_COORDINATE,
       WIDTH, HEIGHT, ROTATION, DINING_TABLE_ID, FLOOR_PLAN_ID) VALUES
(116, 1, TIMESTAMP '2012-01-01 18:00:00', 'floor-plan-item-116', '43', 'TABLE', 553, 485, 95, 79, 0, 116, 100);

insert into DINING_TABLE (ID, VERSION, LAST_UPDATED, UNIQUE_ID, NAME, SHAPE, CAPACITY, FLOOR_PLAN_ID, TABLE_ATTRIBUTE_ID) VALUES
(117, 1, TIMESTAMP '2012-01-01 18:00:00', 'dining-table-117', '44', 'SQUARE', 4, 100, NULL);
insert into FLOOR_PLAN_ITEM (ID, VERSION, LAST_UPDATED, UNIQUE_ID, NAME, ITEM_TYPE, X_COORDINATE, Y_COORDINATE,
       WIDTH, HEIGHT, ROTATION, DINING_TABLE_ID, FLOOR_PLAN_ID) VALUES
(117, 1, TIMESTAMP '2012-01-01 18:00:00', 'floor-plan-item-117', '44', 'TABLE', 647, 592, 95, 79, 0, 117, 100);

insert into DINING_TABLE (ID, VERSION, LAST_UPDATED, UNIQUE_ID, NAME, SHAPE, CAPACITY, FLOOR_PLAN_ID, TABLE_ATTRIBUTE_ID) VALUES
(118, 1, TIMESTAMP '2012-01-01 18:00:00', 'dining-table-118', '45', 'SQUARE', 4, 100, NULL);
insert into FLOOR_PLAN_ITEM (ID, VERSION, LAST_UPDATED, UNIQUE_ID, NAME, ITEM_TYPE, X_COORDINATE, Y_COORDINATE,
       WIDTH, HEIGHT, ROTATION, DINING_TABLE_ID, FLOOR_PLAN_ID) VALUES
(118, 1, TIMESTAMP '2012-01-01 18:00:00', 'floor-plan-item-118', '45', 'TABLE', 553, 700, 95, 79, 0, 118, 100);

insert into DINING_TABLE (ID, VERSION, LAST_UPDATED, UNIQUE_ID, NAME, SHAPE, CAPACITY, FLOOR_PLAN_ID, TABLE_ATTRIBUTE_ID) VALUES
(119, 1, TIMESTAMP '2012-01-01 18:00:00', 'dining-table-119', '46', 'SQUARE', 4, 100, NULL);
insert into FLOOR_PLAN_ITEM (ID, VERSION, LAST_UPDATED, UNIQUE_ID, NAME, ITEM_TYPE, X_COORDINATE, Y_COORDINATE,
       WIDTH, HEIGHT, ROTATION, DINING_TABLE_ID, FLOOR_PLAN_ID) VALUES
(119, 1, TIMESTAMP '2012-01-01 18:00:00', 'floor-plan-item-119', '46', 'TABLE', 423, 762, 95, 79, 0, 119, 100);

insert into DINING_TABLE (ID, VERSION, LAST_UPDATED, UNIQUE_ID, NAME, SHAPE, CAPACITY, FLOOR_PLAN_ID, TABLE_ATTRIBUTE_ID) VALUES
(120, 1, TIMESTAMP '2012-01-01 18:00:00', 'dining-table-120', '60', 'ROUND', 4, 100, NULL);
insert into FLOOR_PLAN_ITEM (ID, VERSION, LAST_UPDATED, UNIQUE_ID, NAME, ITEM_TYPE, X_COORDINATE, Y_COORDINATE,
       WIDTH, HEIGHT, ROTATION, DINING_TABLE_ID, FLOOR_PLAN_ID) VALUES
(120, 1, TIMESTAMP '2012-01-01 18:00:00', 'floor-plan-item-120', '60', 'TABLE', 982, 47, 117, 70, 0, 120, 100);

insert into DINING_TABLE (ID, VERSION, LAST_UPDATED, UNIQUE_ID, NAME, SHAPE, CAPACITY, FLOOR_PLAN_ID, TABLE_ATTRIBUTE_ID) VALUES
(121, 1, TIMESTAMP '2012-01-01 18:00:00', 'dining-table-121', '61', 'ROUND', 4, 100, NULL);
insert into FLOOR_PLAN_ITEM (ID, VERSION, LAST_UPDATED, UNIQUE_ID, NAME, ITEM_TYPE, X_COORDINATE, Y_COORDINATE,
       WIDTH, HEIGHT, ROTATION, DINING_TABLE_ID, FLOOR_PLAN_ID) VALUES
(121, 1, TIMESTAMP '2012-01-01 18:00:00', 'floor-plan-item-121', '61', 'TABLE', 1095, 68, 117, 70, 0, 121, 100);

insert into DINING_TABLE (ID, VERSION, LAST_UPDATED, UNIQUE_ID, NAME, SHAPE, CAPACITY, FLOOR_PLAN_ID, TABLE_ATTRIBUTE_ID) VALUES
(122, 1, TIMESTAMP '2012-01-01 18:00:00', 'dining-table-122', '62', 'ROUND', 4, 100, NULL);
insert into FLOOR_PLAN_ITEM (ID, VERSION, LAST_UPDATED, UNIQUE_ID, NAME, ITEM_TYPE, X_COORDINATE, Y_COORDINATE,
       WIDTH, HEIGHT, ROTATION, DINING_TABLE_ID, FLOOR_PLAN_ID) VALUES
(122, 1, TIMESTAMP '2012-01-01 18:00:00', 'floor-plan-item-122', '62', 'TABLE', 982, 204, 117, 70, 0, 122, 100);

insert into DINING_TABLE (ID, VERSION, LAST_UPDATED, UNIQUE_ID, NAME, SHAPE, CAPACITY, FLOOR_PLAN_ID, TABLE_ATTRIBUTE_ID) VALUES
(123, 1, TIMESTAMP '2012-01-01 18:00:00', 'dining-table-123', '63', 'ROUND', 4, 100, NULL);
insert into FLOOR_PLAN_ITEM (ID, VERSION, LAST_UPDATED, UNIQUE_ID, NAME, ITEM_TYPE, X_COORDINATE, Y_COORDINATE,
       WIDTH, HEIGHT, ROTATION, DINING_TABLE_ID, FLOOR_PLAN_ID) VALUES
(123, 1, TIMESTAMP '2012-01-01 18:00:00', 'floor-plan-item-123', '63', 'TABLE', 1086, 239, 117, 70, 0, 123, 100);

insert into DINING_TABLE (ID, VERSION, LAST_UPDATED, UNIQUE_ID, NAME, SHAPE, CAPACITY, FLOOR_PLAN_ID, TABLE_ATTRIBUTE_ID) VALUES
(124, 1, TIMESTAMP '2012-01-01 18:00:00', 'dining-table-124', '64', 'ROUND', 4, 100, NULL);
insert into FLOOR_PLAN_ITEM (ID, VERSION, LAST_UPDATED, UNIQUE_ID, NAME, ITEM_TYPE, X_COORDINATE, Y_COORDINATE,
       WIDTH, HEIGHT, ROTATION, DINING_TABLE_ID, FLOOR_PLAN_ID) VALUES
(124, 1, TIMESTAMP '2012-01-01 18:00:00', 'floor-plan-item-124', '64', 'TABLE', 1086, 556, 117, 70, 0, 124, 100);

insert into DINING_TABLE (ID, VERSION, LAST_UPDATED, UNIQUE_ID, NAME, SHAPE, CAPACITY, FLOOR_PLAN_ID, TABLE_ATTRIBUTE_ID) VALUES
(125, 1, TIMESTAMP '2012-01-01 18:00:00', 'dining-table-125', '65', 'ROUND', 4, 100, NULL);
insert into FLOOR_PLAN_ITEM (ID, VERSION, LAST_UPDATED, UNIQUE_ID, NAME, ITEM_TYPE, X_COORDINATE, Y_COORDINATE,
       WIDTH, HEIGHT, ROTATION, DINING_TABLE_ID, FLOOR_PLAN_ID) VALUES
(125, 1, TIMESTAMP '2012-01-01 18:00:00', 'floor-plan-item-125', '65', 'TABLE', 982, 590, 117, 70, 0, 125, 100);

insert into DINING_TABLE (ID, VERSION, LAST_UPDATED, UNIQUE_ID, NAME, SHAPE, CAPACITY, FLOOR_PLAN_ID, TABLE_ATTRIBUTE_ID) VALUES
(126, 1, TIMESTAMP '2012-01-01 18:00:00', 'dining-table-126', '66', 'ROUND', 4, 100, NULL);
insert into FLOOR_PLAN_ITEM (ID, VERSION, LAST_UPDATED, UNIQUE_ID, NAME, ITEM_TYPE, X_COORDINATE, Y_COORDINATE,
       WIDTH, HEIGHT, ROTATION, DINING_TABLE_ID, FLOOR_PLAN_ID) VALUES
(126, 1, TIMESTAMP '2012-01-01 18:00:00', 'floor-plan-item-126', '66', 'TABLE', 982, 696, 117, 70, 0, 126, 100);

insert into DINING_TABLE (ID, VERSION, LAST_UPDATED, UNIQUE_ID, NAME, SHAPE, CAPACITY, FLOOR_PLAN_ID, TABLE_ATTRIBUTE_ID) VALUES
(127, 1, TIMESTAMP '2012-01-01 18:00:00', 'dining-table-127', '67', 'ROUND', 4, 100, NULL);
insert into FLOOR_PLAN_ITEM (ID, VERSION, LAST_UPDATED, UNIQUE_ID, NAME, ITEM_TYPE, X_COORDINATE, Y_COORDINATE,
       WIDTH, HEIGHT, ROTATION, DINING_TABLE_ID, FLOOR_PLAN_ID) VALUES
(127, 1, TIMESTAMP '2012-01-01 18:00:00', 'floor-plan-item-127', '67', 'TABLE', 1086, 731, 117, 70, 0, 127, 100);

insert into FLOOR_PLAN_ITEM (ID, VERSION, LAST_UPDATED, UNIQUE_ID, NAME, ITEM_TYPE, X_COORDINATE, Y_COORDINATE,
       WIDTH, HEIGHT, ROTATION, DINING_TABLE_ID, FLOOR_PLAN_ID, GRAPHIC_TYPE) VALUES
(200, 1, TIMESTAMP '2012-01-01 18:00:00', 'floor-plan-item-200', 'Plant', 'GRAPHIC', 1077, 139, 100, 83, 0, NULL, 100, 'BUSH1');

insert into FLOOR_PLAN_ITEM (ID, VERSION, LAST_UPDATED, UNIQUE_ID, NAME, ITEM_TYPE, X_COORDINATE, Y_COORDINATE,
       WIDTH, HEIGHT, ROTATION, DINING_TABLE_ID, FLOOR_PLAN_ID, GRAPHIC_TYPE) VALUES
(202, 1, TIMESTAMP '2012-01-01 18:00:00', 'floor-plan-item-202', 'Plant', 'GRAPHIC', 1103, 349, 50, 50, 0, NULL, 100, 'BUSH5');

insert into FLOOR_PLAN_ITEM (ID, VERSION, LAST_UPDATED, UNIQUE_ID, NAME, ITEM_TYPE, X_COORDINATE, Y_COORDINATE,
       WIDTH, HEIGHT, ROTATION, DINING_TABLE_ID, FLOOR_PLAN_ID, GRAPHIC_TYPE) VALUES
(203, 1, TIMESTAMP '2012-01-01 18:00:00', 'floor-plan-item-203', 'Plant', 'GRAPHIC', 1117, 313, 50, 50,0,  NULL, 100, 'BUSH3');

insert into FLOOR_PLAN_ITEM (ID, VERSION, LAST_UPDATED, UNIQUE_ID, NAME, ITEM_TYPE, X_COORDINATE, Y_COORDINATE,
       WIDTH, HEIGHT, ROTATION, DINING_TABLE_ID, FLOOR_PLAN_ID, GRAPHIC_TYPE) VALUES
(204, 1, TIMESTAMP '2012-01-01 18:00:00', 'floor-plan-item-204', 'Plant', 'GRAPHIC', 1104, 386, 50, 50, 0, NULL, 100, 'BUSH4');

insert into FLOOR_PLAN_ITEM (ID, VERSION, LAST_UPDATED, UNIQUE_ID, NAME, ITEM_TYPE, X_COORDINATE, Y_COORDINATE,
       WIDTH, HEIGHT, ROTATION, DINING_TABLE_ID, FLOOR_PLAN_ID, GRAPHIC_TYPE) VALUES
(205, 1, TIMESTAMP '2012-01-01 18:00:00', 'floor-plan-item-205', 'Plant', 'GRAPHIC', 1144, 506, 50, 50, 0, NULL, 100, 'BUSH4');

insert into FLOOR_PLAN_ITEM (ID, VERSION, LAST_UPDATED, UNIQUE_ID, NAME, ITEM_TYPE, X_COORDINATE, Y_COORDINATE,
       WIDTH, HEIGHT, ROTATION, DINING_TABLE_ID, FLOOR_PLAN_ID, GRAPHIC_TYPE) VALUES
(206, 1, TIMESTAMP '2012-01-01 18:00:00', 'floor-plan-item-206', 'Plant', 'GRAPHIC', 1108, 495, 50, 50, 0, NULL, 100, 'BUSH3');

insert into FLOOR_PLAN_ITEM (ID, VERSION, LAST_UPDATED, UNIQUE_ID, NAME, ITEM_TYPE, X_COORDINATE, Y_COORDINATE,
       WIDTH, HEIGHT, ROTATION, DINING_TABLE_ID, FLOOR_PLAN_ID, GRAPHIC_TYPE) VALUES
(207, 1, TIMESTAMP '2012-01-01 18:00:00', 'floor-plan-item-207', 'Plant', 'GRAPHIC', 1179, 312, 50, 50, 0, NULL, 100, 'BUSH5');

insert into FLOOR_PLAN_ITEM (ID, VERSION, LAST_UPDATED, UNIQUE_ID, NAME, ITEM_TYPE, X_COORDINATE, Y_COORDINATE,
       WIDTH, HEIGHT, ROTATION, DINING_TABLE_ID, FLOOR_PLAN_ID, GRAPHIC_TYPE) VALUES
(208, 1, TIMESTAMP '2012-01-01 18:00:00', 'floor-plan-item-208', 'Plant', 'GRAPHIC', 1153, 314, 50, 50, 0, NULL, 100, 'BUSH4');

insert into FLOOR_PLAN_ITEM (ID, VERSION, LAST_UPDATED, UNIQUE_ID, NAME, ITEM_TYPE, X_COORDINATE, Y_COORDINATE,
       WIDTH, HEIGHT, ROTATION, DINING_TABLE_ID, FLOOR_PLAN_ID, GRAPHIC_TYPE) VALUES
(209, 1, TIMESTAMP '2012-01-01 18:00:00', 'floor-plan-item-209', 'Plant', 'GRAPHIC', 1182, 503, 50, 50, 0, NULL, 100, 'BUSH5');

insert into FLOOR_PLAN_ITEM (ID, VERSION, LAST_UPDATED, UNIQUE_ID, NAME, ITEM_TYPE, X_COORDINATE, Y_COORDINATE,
       WIDTH, HEIGHT, ROTATION, DINING_TABLE_ID, FLOOR_PLAN_ID, GRAPHIC_TYPE) VALUES
(210, 1, TIMESTAMP '2012-01-01 18:00:00', 'floor-plan-item-210', 'Plant', 'GRAPHIC', 912, 1043, 50, 50, 0, NULL, 100, 'BUSH3');

insert into FLOOR_PLAN_ITEM (ID, VERSION, LAST_UPDATED, UNIQUE_ID, NAME, ITEM_TYPE, X_COORDINATE, Y_COORDINATE,
       WIDTH, HEIGHT, ROTATION, DINING_TABLE_ID, FLOOR_PLAN_ID, GRAPHIC_TYPE) VALUES
(211, 1, TIMESTAMP '2012-01-01 18:00:00', 'floor-plan-item-211', 'Plant', 'GRAPHIC', 1105, 425, 50, 50, 0, NULL, 100, 'BUSH4');

insert into FLOOR_PLAN_ITEM (ID, VERSION, LAST_UPDATED, UNIQUE_ID, NAME, ITEM_TYPE, X_COORDINATE, Y_COORDINATE,
       WIDTH, HEIGHT, ROTATION, DINING_TABLE_ID, FLOOR_PLAN_ID, GRAPHIC_TYPE) VALUES
(212, 1, TIMESTAMP '2012-01-01 18:00:00', 'floor-plan-item-212', 'Plant', 'GRAPHIC', 883, 28, 50, 50, 0, NULL, 100, 'BUSH5');

insert into FLOOR_PLAN_ITEM (ID, VERSION, LAST_UPDATED, UNIQUE_ID, NAME, ITEM_TYPE, X_COORDINATE, Y_COORDINATE,
       WIDTH, HEIGHT, ROTATION, DINING_TABLE_ID, FLOOR_PLAN_ID, GRAPHIC_TYPE) VALUES
(213, 1, TIMESTAMP '2012-01-01 18:00:00', 'floor-plan-item-213', 'Plant', 'GRAPHIC', 908, 24, 50, 50, 0, NULL, 100, 'BUSH3');

insert into FLOOR_PLAN_ITEM (ID, VERSION, LAST_UPDATED, UNIQUE_ID, NAME, ITEM_TYPE, X_COORDINATE, Y_COORDINATE,
       WIDTH, HEIGHT, ROTATION, DINING_TABLE_ID, FLOOR_PLAN_ID, GRAPHIC_TYPE) VALUES
(214, 1, TIMESTAMP '2012-01-01 18:00:00', 'floor-plan-item-214', 'Plant', 'GRAPHIC', 919, 51, 50, 50, 0, NULL, 100, 'BUSH5');

insert into FLOOR_PLAN_ITEM (ID, VERSION, LAST_UPDATED, UNIQUE_ID, NAME, ITEM_TYPE, X_COORDINATE, Y_COORDINATE,
       WIDTH, HEIGHT, ROTATION, DINING_TABLE_ID, FLOOR_PLAN_ID, GRAPHIC_TYPE) VALUES
(215, 1, TIMESTAMP '2012-01-01 18:00:00', 'floor-plan-item-215', 'Plant', 'GRAPHIC', 1104, 461, 50, 50, 0, NULL, 100, 'BUSH5');

insert into FLOOR_PLAN_ITEM (ID, VERSION, LAST_UPDATED, UNIQUE_ID, NAME, ITEM_TYPE, X_COORDINATE, Y_COORDINATE,
       WIDTH, HEIGHT, ROTATION, DINING_TABLE_ID, FLOOR_PLAN_ID, GRAPHIC_TYPE) VALUES
(216, 1, TIMESTAMP '2012-01-01 18:00:00', 'floor-plan-item-216', 'Plant', 'GRAPHIC', 10, 203, 50, 50, 0, NULL, 100, 'BUSH4');

insert into FLOOR_PLAN_ITEM (ID, VERSION, LAST_UPDATED, UNIQUE_ID, NAME, ITEM_TYPE, X_COORDINATE, Y_COORDINATE,
       WIDTH, HEIGHT, ROTATION, DINING_TABLE_ID, FLOOR_PLAN_ID, GRAPHIC_TYPE) VALUES
(217, 1, TIMESTAMP '2012-01-01 18:00:00', 'floor-plan-item-217', 'Plant', 'GRAPHIC', 1072, 632, 99, 88, 0, NULL, 100, 'BUSH1');

insert into FLOOR_PLAN_ITEM (ID, VERSION, LAST_UPDATED, UNIQUE_ID, NAME, ITEM_TYPE, X_COORDINATE, Y_COORDINATE,
       WIDTH, HEIGHT, ROTATION, DINING_TABLE_ID, FLOOR_PLAN_ID) VALUES
(300, 1, TIMESTAMP '2012-01-01 18:00:00', 'floor-plan-item-300', 'Entrance', 'LABEL', 951, 780, 148, 171, 0, NULL, 100);

insert into DINING_TABLE_SECTION (DINING_TABLE_ID, SECTION_ID) VALUES (100, 100);
insert into DINING_TABLE_SECTION (DINING_TABLE_ID, SECTION_ID) VALUES (101, 100);
insert into DINING_TABLE_SECTION (DINING_TABLE_ID, SECTION_ID) VALUES (102, 102);
insert into DINING_TABLE_SECTION (DINING_TABLE_ID, SECTION_ID) VALUES (103, 102);
insert into DINING_TABLE_SECTION (DINING_TABLE_ID, SECTION_ID) VALUES (104, 100);
insert into DINING_TABLE_SECTION (DINING_TABLE_ID, SECTION_ID) VALUES (105, 100);
insert into DINING_TABLE_SECTION (DINING_TABLE_ID, SECTION_ID) VALUES (106, 102);
insert into DINING_TABLE_SECTION (DINING_TABLE_ID, SECTION_ID) VALUES (107, 104);
insert into DINING_TABLE_SECTION (DINING_TABLE_ID, SECTION_ID) VALUES (108, 101);
insert into DINING_TABLE_SECTION (DINING_TABLE_ID, SECTION_ID) VALUES (109, 101);
insert into DINING_TABLE_SECTION (DINING_TABLE_ID, SECTION_ID) VALUES (110, 101);
insert into DINING_TABLE_SECTION (DINING_TABLE_ID, SECTION_ID) VALUES (111, 101);
insert into DINING_TABLE_SECTION (DINING_TABLE_ID, SECTION_ID) VALUES (112, 101);
insert into DINING_TABLE_SECTION (DINING_TABLE_ID, SECTION_ID) VALUES (113, 103);
insert into DINING_TABLE_SECTION (DINING_TABLE_ID, SECTION_ID) VALUES (114, 103);
insert into DINING_TABLE_SECTION (DINING_TABLE_ID, SECTION_ID) VALUES (115, 103);
insert into DINING_TABLE_SECTION (DINING_TABLE_ID, SECTION_ID) VALUES (116, 103);
insert into DINING_TABLE_SECTION (DINING_TABLE_ID, SECTION_ID) VALUES (117, 103);
insert into DINING_TABLE_SECTION (DINING_TABLE_ID, SECTION_ID) VALUES (118, 103);
insert into DINING_TABLE_SECTION (DINING_TABLE_ID, SECTION_ID) VALUES (119, 103);
insert into DINING_TABLE_SECTION (DINING_TABLE_ID, SECTION_ID) VALUES (120, 105);
insert into DINING_TABLE_SECTION (DINING_TABLE_ID, SECTION_ID) VALUES (121, 105);
insert into DINING_TABLE_SECTION (DINING_TABLE_ID, SECTION_ID) VALUES (122, 105);
insert into DINING_TABLE_SECTION (DINING_TABLE_ID, SECTION_ID) VALUES (123, 105);
insert into DINING_TABLE_SECTION (DINING_TABLE_ID, SECTION_ID) VALUES (124, 105);
insert into DINING_TABLE_SECTION (DINING_TABLE_ID, SECTION_ID) VALUES (125, 105);
insert into DINING_TABLE_SECTION (DINING_TABLE_ID, SECTION_ID) VALUES (126, 105);
insert into DINING_TABLE_SECTION (DINING_TABLE_ID, SECTION_ID) VALUES (127, 105);