-- ReportType
insert into REPORT_TYPE (ID, VERSION, LAST_UPDATED, UNIQUE_ID, TYPE) VALUES
(100, 1, TIMESTAMP '2012-01-01 18:00:00', 'report-type-100', 'Events');
insert into REPORT_TYPE (ID, VERSION, LAST_UPDATED, UNIQUE_ID, TYPE) VALUES
(101, 1, TIMESTAMP '2012-01-01 18:00:00', 'report-type-101', 'Events and Functions');

--ReportField
insert into REPORT_FIELD (ID, VERSION, LAST_UPDATED, UNIQUE_ID, FIELD_NAME,
       FIELD_TYPE, FIELD_DATA_TYPE, IS_AVAILABLE_COLUMN, IS_AVAILABLE_FILTER,
       IS_AVAILABLE_GROUP_BY, DB_COLUMN_NAME, DB_TABLE_NAME, DB_ALIAS_NAME) VALUES
(100, 1, TIMESTAMP '2012-01-01 18:00:00', 'report-field-100', 'Event Name',
 'EVENT', 'STRING', 'Y', 'Y', 'Y', 'name', 'event', 'ev');

insert into REPORT_FIELD (ID, VERSION, LAST_UPDATED, UNIQUE_ID, FIELD_NAME,
       FIELD_TYPE, FIELD_DATA_TYPE, IS_AVAILABLE_COLUMN, IS_AVAILABLE_FILTER,
       IS_AVAILABLE_GROUP_BY, DB_COLUMN_NAME, DB_TABLE_NAME, DB_ALIAS_NAME) VALUES
(101, 1, TIMESTAMP '2012-01-01 18:00:00', 'report-field-101', 'Event Type',
 'EVENT', 'STRING', 'Y', 'Y', 'Y', 'name', 'event_type', 'etype');

insert into REPORT_FIELD (ID, VERSION, LAST_UPDATED, UNIQUE_ID, FIELD_NAME,
       FIELD_TYPE, FIELD_DATA_TYPE, IS_AVAILABLE_COLUMN, IS_AVAILABLE_FILTER,
       IS_AVAILABLE_GROUP_BY, DB_COLUMN_NAME, DB_TABLE_NAME, DB_ALIAS_NAME) VALUES
(102, 1, TIMESTAMP '2012-01-01 18:00:00', 'report-field-102', 'Event Date',
 'EVENT', 'DATE', 'Y', 'Y', 'Y', 'event_date', 'event', 'ev');

insert into REPORT_FIELD (ID, VERSION, LAST_UPDATED, UNIQUE_ID, FIELD_NAME,
       FIELD_TYPE, FIELD_DATA_TYPE, IS_AVAILABLE_COLUMN, IS_AVAILABLE_FILTER,
       IS_AVAILABLE_GROUP_BY, DB_COLUMN_NAME, DB_TABLE_NAME, DB_ALIAS_NAME) VALUES
(103, 1, TIMESTAMP '2012-01-01 18:00:00', 'report-field-103', 'Salesperson',
 'EVENT', 'STRING', 'Y', 'Y', 'Y', 'salesperson', 'event', 'ev');

insert into REPORT_FIELD (ID, VERSION, LAST_UPDATED, UNIQUE_ID, FIELD_NAME,
       FIELD_TYPE, FIELD_DATA_TYPE, IS_AVAILABLE_COLUMN, IS_AVAILABLE_FILTER,
       IS_AVAILABLE_GROUP_BY, DB_COLUMN_NAME, DB_TABLE_NAME, DB_ALIAS_NAME) VALUES
(104, 1, TIMESTAMP '2012-01-01 18:00:00', 'report-field-104', 'Food Charges',
 'EVENT', 'NUMERIC', 'Y', 'Y', 'N', 'food', 'event', 'ev');

insert into REPORT_FIELD (ID, VERSION, LAST_UPDATED, UNIQUE_ID, FIELD_NAME,
       FIELD_TYPE, FIELD_DATA_TYPE, IS_AVAILABLE_COLUMN, IS_AVAILABLE_FILTER,
       IS_AVAILABLE_GROUP_BY, DB_COLUMN_NAME, DB_TABLE_NAME, DB_ALIAS_NAME) VALUES
(105, 1, TIMESTAMP '2012-01-01 18:00:00', 'report-field-105', 'Beverage Charges',
 'EVENT', 'NUMERIC', 'Y', 'Y', 'N', 'beverage', 'event', 'ev');

insert into REPORT_FIELD (ID, VERSION, LAST_UPDATED, UNIQUE_ID, FIELD_NAME,
       FIELD_TYPE, FIELD_DATA_TYPE, IS_AVAILABLE_COLUMN, IS_AVAILABLE_FILTER,
       IS_AVAILABLE_GROUP_BY, DB_COLUMN_NAME, DB_TABLE_NAME, DB_ALIAS_NAME) VALUES
(106, 1, TIMESTAMP '2012-01-01 18:00:00', 'report-field-106', 'Set-Up & Service Charges',
 'EVENT', 'NUMERIC', 'Y', 'Y', 'N', 'setup_service', 'event', 'ev');

insert into REPORT_FIELD (ID, VERSION, LAST_UPDATED, UNIQUE_ID, FIELD_NAME,
       FIELD_TYPE, FIELD_DATA_TYPE, IS_AVAILABLE_COLUMN, IS_AVAILABLE_FILTER,
       IS_AVAILABLE_GROUP_BY, DB_COLUMN_NAME, DB_TABLE_NAME, DB_ALIAS_NAME) VALUES
(107, 1, TIMESTAMP '2012-01-01 18:00:00', 'report-field-107', 'Labor Charges',
 'EVENT', 'NUMERIC', 'Y', 'Y', 'N', 'labor', 'event', 'ev');

insert into REPORT_FIELD (ID, VERSION, LAST_UPDATED, UNIQUE_ID, FIELD_NAME,
       FIELD_TYPE, FIELD_DATA_TYPE, IS_AVAILABLE_COLUMN, IS_AVAILABLE_FILTER,
       IS_AVAILABLE_GROUP_BY, DB_COLUMN_NAME, DB_TABLE_NAME, DB_ALIAS_NAME) VALUES
(108, 1, TIMESTAMP '2012-01-01 18:00:00', 'report-field-108', 'Event Total',
 'EVENT', 'NUMERIC', 'Y', 'Y', 'N', 'total', 'event', 'ev');

insert into REPORT_FIELD (ID, VERSION, LAST_UPDATED, UNIQUE_ID, FIELD_NAME,
       FIELD_TYPE, FIELD_DATA_TYPE, IS_AVAILABLE_COLUMN, IS_AVAILABLE_FILTER,
       IS_AVAILABLE_GROUP_BY, DB_COLUMN_NAME, DB_TABLE_NAME, DB_ALIAS_NAME) VALUES
(109, 1, TIMESTAMP '2012-01-01 18:00:00', 'report-field-109', 'Total Tax',
 'EVENT', 'NUMERIC', 'Y', 'Y', 'N', 'tax', 'event', 'ev');

insert into REPORT_FIELD (ID, VERSION, LAST_UPDATED, UNIQUE_ID, FIELD_NAME,
       FIELD_TYPE, FIELD_DATA_TYPE, IS_AVAILABLE_COLUMN, IS_AVAILABLE_FILTER,
       IS_AVAILABLE_GROUP_BY, DB_COLUMN_NAME, DB_TABLE_NAME, DB_ALIAS_NAME) VALUES
(110, 1, TIMESTAMP '2012-01-01 18:00:00', 'report-field-110', 'Function Date',
 'EVENT_FUNCTION', 'DATE', 'Y', 'Y', 'Y', 'function_date', 'event_function', 'fun');

insert into REPORT_FIELD (ID, VERSION, LAST_UPDATED, UNIQUE_ID, FIELD_NAME,
       FIELD_TYPE, FIELD_DATA_TYPE, IS_AVAILABLE_COLUMN, IS_AVAILABLE_FILTER,
       IS_AVAILABLE_GROUP_BY, DB_COLUMN_NAME, DB_TABLE_NAME, DB_ALIAS_NAME) VALUES
(111, 1, TIMESTAMP '2012-01-01 18:00:00', 'report-field-111', 'Start Time',
 'EVENT_FUNCTION', 'TIME', 'Y', 'Y', 'N', 'start_time', 'event_function', 'fun');

insert into REPORT_FIELD (ID, VERSION, LAST_UPDATED, UNIQUE_ID, FIELD_NAME,
       FIELD_TYPE, FIELD_DATA_TYPE, IS_AVAILABLE_COLUMN, IS_AVAILABLE_FILTER,
       IS_AVAILABLE_GROUP_BY, DB_COLUMN_NAME, DB_TABLE_NAME, DB_ALIAS_NAME) VALUES
(112, 1, TIMESTAMP '2012-01-01 18:00:00', 'report-field-112', 'End Time',
 'EVENT_FUNCTION', 'TIME', 'Y', 'Y', 'N', 'end_time', 'event_function', 'fun');

insert into REPORT_FIELD (ID, VERSION, LAST_UPDATED, UNIQUE_ID, FIELD_NAME,
       FIELD_TYPE, FIELD_DATA_TYPE, IS_AVAILABLE_COLUMN, IS_AVAILABLE_FILTER,
       IS_AVAILABLE_GROUP_BY, DB_COLUMN_NAME, DB_TABLE_NAME, DB_ALIAS_NAME) VALUES
(113, 1, TIMESTAMP '2012-01-01 18:00:00', 'report-field-113', 'Location',
 'EVENT_FUNCTION', 'STRING', 'Y', 'Y', 'Y', 'location', 'event_function', 'fun');

insert into REPORT_FIELD (ID, VERSION, LAST_UPDATED, UNIQUE_ID, FIELD_NAME,
       FIELD_TYPE, FIELD_DATA_TYPE, IS_AVAILABLE_COLUMN, IS_AVAILABLE_FILTER,
       IS_AVAILABLE_GROUP_BY, DB_COLUMN_NAME, DB_TABLE_NAME, DB_ALIAS_NAME) VALUES
(114, 1, TIMESTAMP '2012-01-01 18:00:00', 'report-field-114', 'Function Name',
 'EVENT_FUNCTION', 'STRING', 'Y', 'Y', 'Y', 'name', 'event_function', 'fun');

--ReportDateRangeField
insert into REPORT_DATE_RANGE_FIELD (ID, VERSION, LAST_UPDATED, UNIQUE_ID, REPORT_FIELD_ID, RANGE_INDICATOR) VALUES
(100, 1, TIMESTAMP '2012-01-01 18:00:00', 'date-range-100', 102, 'CURRENT_YEAR');
insert into REPORT_DATE_RANGE_FIELD (ID, VERSION, LAST_UPDATED, UNIQUE_ID, REPORT_FIELD_ID, RANGE_INDICATOR) VALUES
(101, 1, TIMESTAMP '2012-01-01 18:00:00', 'date-range-101', 110, 'CURRENT_QUARTER');

--Report
insert into REPORT (ID, VERSION, LAST_UPDATED, UNIQUE_ID, NAME, REPORT_TYPE_ID, MERCHANT_ID, REPORT_DATE_RANGE_FIELD_ID) VALUES
(1, 1, TIMESTAMP '2012-01-01 18:00:00', 'report-1', 'Event Revenue Ledger', 100, 100, 100);
insert into REPORT (ID, VERSION, LAST_UPDATED, UNIQUE_ID, NAME, REPORT_TYPE_ID, MERCHANT_ID, REPORT_DATE_RANGE_FIELD_ID) VALUES
(2, 1, TIMESTAMP '2012-01-01 18:00:00', 'report-2', 'Schedule of Events', 101, 100, 101);

-- ReportColumnField - association between Report and ReportField for columns
insert into REPORT_COLUMN_FIELD (ID, VERSION, LAST_UPDATED, UNIQUE_ID, COLUMN_ORDER, REPORT_ID, REPORT_FIELD_ID) VALUES
(100, 1, TIMESTAMP '2012-01-01 18:00:00', 'rcf-100', 1, 1, 100);

insert into REPORT_COLUMN_FIELD (ID, VERSION, LAST_UPDATED, UNIQUE_ID, COLUMN_ORDER, REPORT_ID, REPORT_FIELD_ID) VALUES
(101, 1, TIMESTAMP '2012-01-01 18:00:00', 'rcf-101', 2, 1, 102);

insert into REPORT_COLUMN_FIELD (ID, VERSION, LAST_UPDATED, UNIQUE_ID, COLUMN_ORDER, REPORT_ID, REPORT_FIELD_ID) VALUES
(102, 1, TIMESTAMP '2012-01-01 18:00:00', 'rcf-102', 3, 1, 104);

insert into REPORT_COLUMN_FIELD (ID, VERSION, LAST_UPDATED, UNIQUE_ID, COLUMN_ORDER, REPORT_ID, REPORT_FIELD_ID) VALUES
(103, 1, TIMESTAMP '2012-01-01 18:00:00', 'rcf-103', 4, 1, 105);

insert into REPORT_COLUMN_FIELD (ID, VERSION, LAST_UPDATED, UNIQUE_ID, COLUMN_ORDER, REPORT_ID, REPORT_FIELD_ID) VALUES
(104, 1, TIMESTAMP '2012-01-01 18:00:00', 'rcf-104', 5, 1, 108);

insert into REPORT_COLUMN_FIELD (ID, VERSION, LAST_UPDATED, UNIQUE_ID, COLUMN_ORDER, REPORT_ID, REPORT_FIELD_ID) VALUES
(105, 1, TIMESTAMP '2012-01-01 18:00:00', 'rcf-105', 1, 2, 100);

insert into REPORT_COLUMN_FIELD (ID, VERSION, LAST_UPDATED, UNIQUE_ID, COLUMN_ORDER, REPORT_ID, REPORT_FIELD_ID) VALUES
(106, 1, TIMESTAMP '2012-01-01 18:00:00', 'rcf-106', 2, 2, 114);

insert into REPORT_COLUMN_FIELD (ID, VERSION, LAST_UPDATED, UNIQUE_ID, COLUMN_ORDER, REPORT_ID, REPORT_FIELD_ID) VALUES
(107, 1, TIMESTAMP '2012-01-01 18:00:00', 'rcf-107', 3, 2, 111);

insert into REPORT_COLUMN_FIELD (ID, VERSION, LAST_UPDATED, UNIQUE_ID, COLUMN_ORDER, REPORT_ID, REPORT_FIELD_ID) VALUES
(108, 1, TIMESTAMP '2012-01-01 18:00:00', 'rcf-108', 4, 2, 112);

-- ReportFilterField - association between Report and ReportField for filters
insert into REPORT_FILTER_FIELD (ID, VERSION, LAST_UPDATED, UNIQUE_ID, FILTER_VALUE, OPERATION,
       REPORT_ID, REPORT_FIELD_ID) VALUES
(100, 1, TIMESTAMP '2012-01-01 18:00:00', 'rff-100', 'Sally', 'EQUAL_TO', 1, 103);
insert into REPORT_FILTER_FIELD (ID, VERSION, LAST_UPDATED, UNIQUE_ID, FILTER_VALUE, OPERATION,
       REPORT_ID, REPORT_FIELD_ID) VALUES
(101, 1, TIMESTAMP '2012-01-01 18:00:00', 'rff-101', 'Birthday', 'EQUAL_TO', 1, 101);
insert into REPORT_FILTER_FIELD (ID, VERSION, LAST_UPDATED, UNIQUE_ID, FILTER_VALUE, OPERATION,
       REPORT_ID, REPORT_FIELD_ID) VALUES
(102, 1, TIMESTAMP '2012-01-01 18:00:00', 'rff-102', 'Party', 'CONTAINS', 1, 100);
insert into REPORT_FILTER_FIELD (ID, VERSION, LAST_UPDATED, UNIQUE_ID, FILTER_VALUE, OPERATION,
       REPORT_ID, REPORT_FIELD_ID) VALUES
(103, 1, TIMESTAMP '2012-01-01 18:00:00', 'rff-103', '200', 'GREATER_THAN', 1, 108);
insert into REPORT_FILTER_FIELD (ID, VERSION, LAST_UPDATED, UNIQUE_ID, FILTER_VALUE, OPERATION,
                                 REPORT_ID, REPORT_FIELD_ID) VALUES
(104, 1, TIMESTAMP '2012-01-01 18:00:00', 'rff-104', 'Dinner', 'CONTAINS', 2, 114);
insert into REPORT_FILTER_FIELD (ID, VERSION, LAST_UPDATED, UNIQUE_ID, FILTER_VALUE, OPERATION,
                                 REPORT_ID, REPORT_FIELD_ID) VALUES
(105, 1, TIMESTAMP '2012-01-01 18:00:00', 'rff-105', 'Conference Room A', 'CONTAINS', 2, 113);

-- not implemented association between ReportType and ReportField for all availableFields
insert into REPORT_TYPE_REPORT_FIELD (REPORT_TYPE_ID, REPORT_FIELD_ID) VALUES (100, 100);
insert into REPORT_TYPE_REPORT_FIELD (REPORT_TYPE_ID, REPORT_FIELD_ID) VALUES (100, 101);
insert into REPORT_TYPE_REPORT_FIELD (REPORT_TYPE_ID, REPORT_FIELD_ID) VALUES (100, 102);
insert into REPORT_TYPE_REPORT_FIELD (REPORT_TYPE_ID, REPORT_FIELD_ID) VALUES (100, 103);
insert into REPORT_TYPE_REPORT_FIELD (REPORT_TYPE_ID, REPORT_FIELD_ID) VALUES (100, 104);
insert into REPORT_TYPE_REPORT_FIELD (REPORT_TYPE_ID, REPORT_FIELD_ID) VALUES (100, 105);
insert into REPORT_TYPE_REPORT_FIELD (REPORT_TYPE_ID, REPORT_FIELD_ID) VALUES (100, 106);
insert into REPORT_TYPE_REPORT_FIELD (REPORT_TYPE_ID, REPORT_FIELD_ID) VALUES (100, 107);
insert into REPORT_TYPE_REPORT_FIELD (REPORT_TYPE_ID, REPORT_FIELD_ID) VALUES (100, 108);
insert into REPORT_TYPE_REPORT_FIELD (REPORT_TYPE_ID, REPORT_FIELD_ID) VALUES (100, 109);
insert into REPORT_TYPE_REPORT_FIELD (REPORT_TYPE_ID, REPORT_FIELD_ID) VALUES (101, 100);
insert into REPORT_TYPE_REPORT_FIELD (REPORT_TYPE_ID, REPORT_FIELD_ID) VALUES (101, 101);
insert into REPORT_TYPE_REPORT_FIELD (REPORT_TYPE_ID, REPORT_FIELD_ID) VALUES (101, 102);
insert into REPORT_TYPE_REPORT_FIELD (REPORT_TYPE_ID, REPORT_FIELD_ID) VALUES (101, 103);
insert into REPORT_TYPE_REPORT_FIELD (REPORT_TYPE_ID, REPORT_FIELD_ID) VALUES (101, 104);
insert into REPORT_TYPE_REPORT_FIELD (REPORT_TYPE_ID, REPORT_FIELD_ID) VALUES (101, 105);
insert into REPORT_TYPE_REPORT_FIELD (REPORT_TYPE_ID, REPORT_FIELD_ID) VALUES (101, 106);
insert into REPORT_TYPE_REPORT_FIELD (REPORT_TYPE_ID, REPORT_FIELD_ID) VALUES (101, 107);
insert into REPORT_TYPE_REPORT_FIELD (REPORT_TYPE_ID, REPORT_FIELD_ID) VALUES (101, 108);
insert into REPORT_TYPE_REPORT_FIELD (REPORT_TYPE_ID, REPORT_FIELD_ID) VALUES (101, 109);
insert into REPORT_TYPE_REPORT_FIELD (REPORT_TYPE_ID, REPORT_FIELD_ID) VALUES (101, 110);
insert into REPORT_TYPE_REPORT_FIELD (REPORT_TYPE_ID, REPORT_FIELD_ID) VALUES (101, 111);
insert into REPORT_TYPE_REPORT_FIELD (REPORT_TYPE_ID, REPORT_FIELD_ID) VALUES (101, 112);
insert into REPORT_TYPE_REPORT_FIELD (REPORT_TYPE_ID, REPORT_FIELD_ID) VALUES (101, 113);
insert into REPORT_TYPE_REPORT_FIELD (REPORT_TYPE_ID, REPORT_FIELD_ID) VALUES (101, 114);
